Brand,201501,201502,201503,201504,201505,201506,201507,201508,201509,2015010,2015011,2015012
酷比,241.8,312.0,236.6,286.0,247.866666667,270.4,204.533333333,218.4,246.133333333,279.066666667,191.533333333,208.0,
宇龙,160.15,86.05,93.2,75.0,83.45,98.4,104.25,97.75,98.4,82.8,149.1,91.9,
小米,391883.7145,229509.4414,255847.5376,545636.5748,167191.1425,161704.7889,140005.3007,220109.2623,218543.7321,182835.4478,274454.9537,220466.1552,
苹果,57913.8219355,55942.3308387,97768.5341935,53993.8338065,48558.2369032,46411.7909677,62010.7643871,49338.0356129,219259.173677,78253.5716129,58188.7509677,83096.3215484,
诺基亚,11112.1214286,7758.66,7164.15142857,8108.08142857,5754.65428571,6246.79714286,6737.95571429,6075.53142857,6852.13285714,5322.55285714,4569.57428571,7836.41857143,
联想,14628.6128571,15829.4414286,15655.2228571,14633.5342857,12672.8371429,12421.8442857,12496.65,13423.8471429,13524.2442857,13511.4485714,13773.2685714,12014.35,
三星,23586.9062069,22934.0731034,28443.3475862,22110.0703448,19742.5551724,16927.2124138,18408.0289655,20747.6793103,20631.2441379,20219.2427586,14771.6689655,15296.1248276,
派对,232.857142857,255.142857143,310.114285714,174.914285714,172.685714286,317.542857143,251.428571429,192.0,212.8,194.971428571,126.628571429,201.657142857,
宏达,418.0,282.475,319.525,321.475,342.925,362.425,432.625,552.55,1967.275,625.675,274.675,394.6,
华为,103490.999375,86224.7975,87519.9875,94533.60125,70240.79375,79872.77,76047.1625,70678.52,85563.21125,79431.04625,124649.766875,74531.110625,
欧珀,72.52,88.12,61.08,149.48,80.32,86.04,158.84,94.36,72.52,64.2,73.04,67.32,
海信,1757.2,1781.98666667,1553.18666667,1593.22666667,1598.94666667,2086.1,1671.4,1727.64666667,2230.05333333,2160.46,2093.72666667,1454.99333333,
奥洛斯,9.0,9.0,9.0,9.0,9.0,9.0,9.0,9.0,9.0,9.0,9.0,9.0,
EMULATIONAL,
微软,14951.3383051,7292.61966102,12788.1735593,7678.04542373,7416.11525424,7293.61559322,39897.4481356,19485.8176271,9666.9220339,22823.1864407,10541.3505085,10570.2325424,
天语,1128.41,961.88,858.14,849.95,753.49,1001.92,631.55,587.87,552.38,612.44,464.11,1275.83,
知己迅联,
飞秒,157.0,169.0,131.0,130.0,129.0,174.0,139.0,160.0,144.0,195.0,824.0,136.0,
恒宇丰,
中兴,3346.64571429,3260.69714286,3307.05142857,2975.81142857,2881.17142857,2791.36,5465.42285714,3618.97714286,5197.92,4058.37714286,2273.73714286,3101.35428571,
努比亚,7593.7405,9396.769,23590.273,21934.4305,29037.1495,14306.6155,10188.391,9151.1275,8739.4045,13039.6225,13763.6185,10444.972,
SAMKIMOKE,
爱蒙达,
摩托罗拉,11723.8866667,5494.72,3001.06,2448.90666667,2448.90666667,3733.61,4544.89666667,3451.55333333,3668.82666667,2730.96333333,2727.97333333,2691.09666667,
力派,
诺亚信,75.65,79.55,86.05,67.85,144.55,60.7,67.85,101.0,67.85,63.95,97.1,90.6,
步步高,3970.81777778,4930.44888889,5411.73777778,3115.30222222,3735.08444444,4652.48,3724.28,5869.45333333,7044.19111111,4615.15555556,3351.03555556,2729.28888889,
CINTERION,
爱我,249.694117647,223.082352941,193.717647059,206.564705882,203.811764706,238.682352941,326.776470588,521.317647059,302.917647059,978.305882353,138.658823529,179.952941176,
浪潮乐金,
庆邦,
埃立特,
宝捷讯,
魅族,119909.383714,88716.1437143,96009.8865714,70830.4874286,52408.2914286,127763.645714,99305.0597143,128020.425429,160346.693429,110566.398857,111954.208286,60385.448,
七喜,281.571428571,328.928571429,335.428571429,385.571428571,418.071428571,338.214285714,301.071428571,708.714285714,691.071428571,867.5,370.714285714,242.571428571,
沃普丰,9.0,9.0,9.0,9.0,9.0,9.0,9.0,9.0,9.0,9.0,9.0,9.0,
兴华宝,
波导,824.0,338.0,317.0,348.0,534.0,448.0,324.0,521.0,267.0,287.0,266.0,414.0,
亿通,162.48,171.32,148.96,140.64,128.16,130.76,140.12,124.0,127.64,128.68,99.56,90.72,
传奇,11423.776,12697.308,9564.36,9751.092,7838.324,8076.432,7721.74,9015.032,9618.7,11965.2,6463.028,10744.032,
金立,2615.725,2845.825,2864.35,2194.525,2390.5,3267.025,3022.3,2874.1,2630.35,2767.825,2413.9,3760.375,
斐讯,434.273333333,475.266666667,435.226666667,361.82,402.813333333,372.306666667,372.306666667,1443.85333333,1125.44,805.12,584.9,514.353333333,
贝尔丰,111.028571429,111.028571429,105.085714286,71.6571428571,91.7142857143,81.3142857143,192.742857143,218.0,237.314285714,307.142857143,292.285714286,201.657142857,
侨兴,
索尼,6780.44,4956.20571429,6509.07428571,4282.13714286,4322.69714286,4698.36,4221.29714286,4933.99428571,4784.30857143,4908.88571429,4736.98857143,3512.46285714,

钛客,
三驰,
格力伟业,
普莱达,62.4,55.4666666667,165.533333333,53.7333333333,68.4666666667,41.6,39.8666666667,35.5333333333,33.8,13.0,13.0,13.0,
优购,15222.08,17254.2833333,19241.6366667,17711.7533333,15232.0466667,13110.1433333,10840.7333333,14566.2733333,15995.4933333,15983.5333333,42856.6566667,18932.67,
盛乾通,
亿科泰达,
海尔,4784.89333333,4423.43555556,3477.55555556,4190.64888889,3382.28,3894.01777778,3155.38666667,3013.94666667,4528.53333333,4590.41333333,7066.59555556,3553.18666667,
嘉源,
FIBOCOM,

首信,11.0,11.0,11.0,11.0,11.0,11.0,11.0,11.0,11.0,11.0,11.0,11.0,
麦博韦尔,
京立,
万普拉斯,
苏宁先锋,
先锋,3217.62857143,4550.31428571,3468.71428571,3548.86857143,3854.03428571,3905.21714286,3727.52571429,4539.69142857,5509.26857143,6337.85142857,4892.17714286,4996.47428571,
奥克斯,493.23,465.93,532.36,556.93,616.08,925.48,753.49,673.41,564.21,742.57,1025.58,512.34,
诺菲,
谷派,
新中桥,
欧谷,
语信时代,
TCL,4516.73818182,4106.74181818,5333.75272727,4803.63636364,7893.00363636,6260.96,7724.24,3383.04363636,3247.04,3379.07272727,2959.14909091,4330.10545455,
英特奇,
宏基,1336.88,1478.92666667,1529.45333333,2225.38666667,1231.06,1070.9,985.1,1144.30666667,1203.41333333,1200.55333333,917.413333333,893.58,
酷诺,
优米,841.533333333,804.266666667,539.933333333,501.8,513.933333333,461.933333333,422.933333333,379.6,487.933333333,389.133333333,447.2,546.0,
YuLong,20.0,20.0,20.0,20.0,20.0,20.0,20.0,20.0,20.0,20.0,20.0,20.0,
大显泛泰,
万迪宝,
三普,
Noago,
康佳,853.59,892.72,797.17,656.12,709.81,647.02,611.53,644.29,995.55,1125.68,908.19,671.59,
华悦,
翼达龙,
几米,611.2,667.927272727,763.418181818,678.327272727,701.963636364,639.563636364,533.672727273,515.709090909,729.381818182,821.090909091,628.218181818,603.636363636,
PEACE,136.48,115.16,109.44,120.88,133.36,183.8,130.76,145.32,156.76,154.16,127.64,111.52,
万事达,255.72,260.27,308.5,993.73,243.89,271.19,227.51,242.07,256.63,259.36,233.88,271.19,
亿和源,
港利,
夏普,1437.18,1051.08,1312.29333333,1345.66,1302.76,1085.4,1029.15333333,1276.06666667,1338.98666667,1201.70666667,1652.63333333,1350.42666667,
荣事达,346.18,392.2,445.24,428.08,387.52,375.82,332.92,343.06,438.22,448.36,556.78,381.28,
德赛,139.08,81.88,95.4,92.28,100.6,97.48,82.4,180.68,86.04,89.68,75.64,80.32,
沃歌,
喜卡,
鑫联宇,
酷乐,132.85,112.05,119.2,156.9,155.6,143.25,140.65,164.05,171.2,154.95,169.9,139.35,
科利莱,
ULEFONE,
万德利,
中盛达,
时通伟业,
华星讯达,
欧乐酷,
RAYBO,
易派基业,
捷讯,
欧奇,62.64,75.12,67.84,73.04,74.08,55.36,117.76,174.96,70.44,67.32,61.6,64.2,
Boway,
美博尔,
瑶美莱,
中科诺,

友信达,
世誉信达,
朵唯志远,
格莱特,
麦克道尔,
志遥同心,
申纳,
移动,10642.6156522,10491.4086957,8535.66608696,7360.82782609,9503.58956522,9684.64,11036.5495652,16969.4330435,23668.2991304,19077.3773913,22880.4313043,31585.773913,
Various,302.975,191.825,259.1,228.875,254.225,295.175,215.225,238.625,455.075,359.525,147.95,137.225,
ECTEL,
优尔得,12.0,12.0,12.0,12.0,12.0,12.0,12.0,12.0,12.0,12.0,12.0,12.0,
天时达,105.733333333,111.8,113.533333333,100.533333333,73.6666666667,58.9333333333,72.8,84.0666666667,84.0666666667,85.8,138.666666667,77.1333333333,
唯科,
大四喜,543.428571429,827.571428571,542.5,462.642857143,560.142857143,452.428571429,586.142857143,682.714285714,307.571428571,313.142857143,301.071428571,208.214285714,
乐锐,
创维,1612.375,1641.625,1321.825,1526.575,1471.975,1134.625,904.525,1138.525,1725.475,2399.2,2209.075,1700.125,
Compal Communications,
奥乐,
飓畅,
新迪恒,
瀚维,
嘉兴闻讯,

贝龙,
诺利佳,
TCL-Alcatel,
长虹,1179.475,940.6,1343.275,1206.775,1029.325,1836.625,2338.75,915.25,1287.7,1003.975,1150.225,902.575,
VITA,78.8666666667,85.8,84.0666666667,85.8,78.0,69.3333333333,76.2666666667,80.6,133.466666667,97.9333333333,67.6,68.4666666667,
启东优思,
华森,50.3,49.65,54.85,60.05,61.35,88.65,151.05,106.85,78.25,71.75,65.9,55.5,
锤子,7640.928,6030.5088,6152.3136,5899.7184,8874.9504,5059.0656,5637.1392,38396.64,17291.4624,11138.3232,8844.0,48769.0176,
Inlal,
金铭,1867.15333333,1769.48,1608.02,1386.76,1889.08,7071.74666667,1189.42,1669.81333333,1373.80333333,1296.06333333,1493.40333333,1965.82333333,
世纪卓飞,
卡美欧,
Panasonic,279.657142857,283.371428571,291.542857143,287.085714286,328.685714286,283.371428571,258.857142857,254.4,307.142857143,335.371428571,240.285714286,193.485714286,
乐视,80220.41,79291.4602162,63810.2970811,120764.218324,119728.274324,85621.1180541,79700.4381081,86721.0585946,208191.49227,131112.658919,143360.996811,270563.120649,
鑫业,
HUAYU,20.0,20.0,20.0,20.0,20.0,20.0,20.0,20.0,20.0,20.0,20.0,20.0,
蓝天智云,
Samyang,
Telit,
i2m Labs,
经纬,825.88,5087.74222222,715.871111111,4537.69777778,2676.38666667,998.751111111,707.031111111,696.226666667,1355.29777778,764.0,4215.52888889,805.253333333,
菠萝,1527.18666667,2142.05777778,5432.50222222,4196.86666667,2286.44444444,1246.27111111,1097.95555556,1782.56444444,1432.89333333,1152.96,919.191111111,1027.23555556,
Wavecom,
创世能,
泽讯,
英华达,121.625,469.7,162.575,139.175,130.4,108.95,101.15,208.4,177.2,156.725,102.125,125.525,
国信通,
NEOWAY,
Hagenuk,

电意,
心迪宝,
飞利浦,2226.12571429,2169.14857143,2398.98857143,2295.65714286,2258.96,2929.16571429,2172.04571429,2180.73714286,3074.98857143,2962.0,4563.15428571,2437.61714286,
桑菲消费,
华唐时代,
唐为,
金凯泰,
金龙,460.836363636,614.0,369.127272727,297.272727273,274.581818182,282.145454545,358.727272727,308.618181818,320.909090909,352.109090909,214.072727273,186.654545455,
迪美,
NEC,368.342857143,354.228571429,343.828571429,402.514285714,427.028571429,361.657142857,315.6,310.4,389.885714286,398.057142857,353.485714286,349.028571429,
买卖宝,1861.31333333,1962.36666667,1537.18,1361.76666667,1226.39333333,810.74,1144.40666667,1428.5,1297.89333333,1116.76,2057.7,1081.48666667,
华硕,7812.0,6979.0,10990.0,10929.0,5774.0,5881.0,8028.0,7700.0,7590.0,11588.0,6640.0,7035.0,
畅想,162.48,73.56,70.96,71.48,73.04,84.48,75.64,72.52,76.16,65.76,64.2,68.36,
果冻,380.0,396.575,447.275,457.025,489.2,459.95,391.7,391.7,349.775,306.875,287.375,259.1,
鑫灵韵,
深盈泰,
摩托无线,
E派,
大唐,1106.79555556,1271.80888889,1062.59555556,1046.88,1238.41333333,2085.08888889,5708.50666667,1025.27111111,1281.63111111,1346.45777778,1098.93777778,869.097777778,
华蜀朗通,
OPSSON,

Option NV,

飞歌王,
润丰,
lordor,

盛泰,
星科壬,
Karbonn,
BenQ,148.45,133.5,153.65,128.3,136.1,128.95,135.45,138.05,150.4,165.35,122.45,129.6,
Picasso,10.0,10.0,10.0,10.0,10.0,10.0,10.0,10.0,10.0,10.0,10.0,10.0,
纽维智讯,
晨信通,
凯利通,
通则,
Euroscan Development,
Rocky,78.8666666667,118.733333333,89.2666666667,76.2666666667,100.533333333,79.7333333333,83.2,80.6,121.333333333,66.7333333333,60.6666666667,60.6666666667,
优米智能,
奥魅尔,
佰利,
多美达,
东方摩能,
三特,
宏为,
夏新,186.4,182.24,204.08,185.88,172.88,136.48,143.76,141.16,151.04,174.96,140.64,113.6,
汇通世纪,
纽维,
纽曼安普,
M-link,
美图,8117.96444444,8168.05777778,8363.52,10990.9644444,10426.1866667,9198.40888889,9388.96,8280.03111111,10637.3644444,10108.9288889,10594.1466667,9840.78222222,
金鹏,156.866666667,102.266666667,113.533333333,121.333333333,116.133333333,104.866666667,104.866666667,117.0,108.333333333,98.8,96.2,94.4666666667,
奥珀,
大显启辰,
比美,
ZHT,
JORSOO,
亚奥星,
万利达,173.428571429,181.6,212.8,154.857142857,182.342857143,145.942857143,168.971428571,162.285714286,171.2,151.885714286,154.114285714,327.942857143,
易默,
六七八,
晨兴希姆通,
晨兴,
Wingtech,
BroadMobi,
QIGI,
Bientec,
卡迪尔,
普联,119.85,128.95,151.05,112.05,106.85,111.4,119.2,126.35,165.35,150.4,136.75,149.75,
CHANYING,
葳朗,
SUPRA,
卓立成,
兄弟传奇,132.066666667,113.0,113.0,113.0,113.0,1754.64,1721.27333333,1186.45333333,719.32,704.066666667,235.026666667,152.086666667,
美熙,13.0,13.0,38.1333333333,38.1333333333,45.9333333333,48.5333333333,157.733333333,71.9333333333,94.4666666667,119.6,61.5333333333,79.7333333333,
鹏智,
BQ,103.2,106.32,104.76,93.32,93.84,97.48,167.16,102.16,80.84,89.68,63.16,89.16,
宇阳,
博力信,
创一唯,
蓝想,
亚信通,
泰盛昌,
新创想,
松讯达中科,
Quanta Computer Inc,
ITEL,
泰丰,12.0,12.0,12.0,12.0,12.0,12.0,12.0,12.0,12.0,12.0,12.0,12.0,
华奥通,
O2,140.64,114.64,167.68,99.56,106.84,100.08,103.2,106.84,128.16,154.16,82.92,61.6,
海德世,
巨盛,
吉祥佳,
富铃鹏达,
唯爱,447.275,445.325,381.95,437.525,275.675,209.375,187.925,199.625,175.25,199.625,150.875,163.55,
中德瑞,

渴望,2260.0,2302.0,2127.0,2793.0,2176.0,1868.0,1726.0,1787.0,8836.0,2453.0,2954.0,2377.0,
国威,20.0,20.0,20.0,20.0,20.0,20.0,20.0,20.0,20.0,20.0,20.0,20.0,
QUEJAZ,
Unitone,
科摩,
亿美讯联,
YAS,
华凌天下,
中启创,
IMO,304.914285714,279.657142857,296.742857143,280.4,333.885714286,280.4,337.6,303.428571429,332.4,299.714285714,287.085714286,264.8,
高科,146.466666667,111.8,119.6,143.0,120.466666667,160.333333333,122.2,136.066666667,141.266666667,97.9333333333,117.0,134.333333333,
SOSMART,
恒翔,
腾捷,
Eyang,
剑亮,
亮剑,
中江,
四季恒美,
恒语,
泰星,111.4,146.5,100.35,95.15,109.45,90.6,94.5,119.2,113.35,175.75,96.45,77.6,
溢旭,
Crave,
CLASSIC,262.571428571,233.6,254.4,243.257142857,256.628571429,216.514285714,226.171428571,208.342857143,240.285714286,345.028571429,122.914285714,138.514285714,
鼎讯,
武进金星,
CHANGPUD,
威酷,
和正讯,
名虹,
百讯潮,
纽曼,516.475,477.475,568.15,2264.65,1154.125,882.1,680.275,686.125,990.325,771.925,766.075,759.25,
迪泰元,
国乾,
国乾科技,
佳域宇通,
宇通国信,
友利通,
科酷,
垦鑫达,10.0,10.0,10.0,10.0,10.0,10.0,10.0,10.0,10.0,10.0,10.0,10.0,
KAIWEI,
金凯为,
盛世国泰,
中轴线,15.0,15.0,15.0,15.0,15.0,15.0,15.0,15.0,15.0,15.0,15.0,15.0,
高新奇,
中诺,122.2,80.6,59.8,55.4666666667,58.9333333333,55.4666666667,62.4,53.7333333333,63.2666666667,58.0666666667,43.3333333333,43.3333333333,
大为,65.8666666667,82.3333333333,79.7333333333,74.5333333333,136.933333333,79.7333333333,94.4666666667,81.4666666667,55.4666666667,107.466666667,105.733333333,70.2,
众一,
双鹰,
Siemens,117.24,114.12,124.52,138.56,149.48,137.52,131.28,126.6,185.36,178.6,141.16,127.12,
百迪宝,
UCOO,
鑫华宇,
唯米,636.690909091,283.090909091,329.418181818,314.290909091,389.927272727,215.963636364,211.236363636,187.6,165.854545455,180.036363636,141.272727273,100.618181818,
Djtel,
威而肯,
Voxtel,
米歌,142.133333333,133.466666667,120.466666667,84.0666666667,88.4,92.7333333333,93.6,66.7333333333,67.6,42.4666666667,39.8666666667,48.5333333333,
MPARTY,
南俘电讯,
21KE,10.0,10.0,10.0,10.0,10.0,10.0,10.0,10.0,10.0,10.0,10.0,10.0,
HASEE,82.3333333333,75.4,93.6,97.0666666667,69.3333333333,84.0666666667,104.866666667,79.7333333333,95.3333333333,119.6,97.9333333333,112.666666667,
Advanced Wireless,
柏凯恩,
朗翔,
DUOSS,
数源,
爱讯达,
鸿锦,
天迈,
帷幄,14.0,14.0,14.0,14.0,14.0,14.0,14.0,14.0,14.0,14.0,14.0,14.0,
联鑫,
鑫卓越,
铂乐,
掌力,
科泰克,
超明,
LGE,
八零九零,
Jega,
盟宝,
神舟,1361.8,1370.575,1534.375,1115.125,1434.925,1629.925,1849.3,1540.225,1686.475,2602.0,1441.75,1264.3,
盛隆兴,
QUECTEL,
万维科,
果米,
ZTC,
鸿嘉源,
信元天辰,
天遇,
沃达,
摩购,
AVA,2872.9,3641.2,2223.55,2668.15,3372.1,2283.025,3632.425,4714.675,2979.175,4440.7,2729.575,5834.95,
开永胜,
国巨,79.55,51.6,88.0,78.25,74.35,79.55,70.45,72.4,78.25,106.85,144.55,115.3,
海帆,
振威弘通,
Dopod,
Yijiaxin,
凯信,

国虹,
明泰,
星宝通,
YA HSIN INDUSTRIAL CO LTD,

朗格,209.375,183.05,191.825,173.3,191.825,213.275,183.05,214.25,224.0,285.425,226.925,510.65,
四季风,11.0,11.0,11.0,11.0,11.0,11.0,11.0,11.0,11.0,11.0,11.0,11.0,
酷卡,62.4,45.0666666667,58.9333333333,60.6666666667,117.866666667,78.0,51.1333333333,70.2,65.8666666667,64.1333333333,65.0,58.0666666667,
时代,388.525,338.8,355.375,972.55,359.275,345.625,336.85,305.65,309.55,362.2,205.225,241.3,
网时代,
基思瑞,
INNOS,498.146666667,478.126666667,1117.81333333,547.72,1335.17333333,466.686666667,292.226666667,339.893333333,275.066666667,268.393333333,231.213333333,199.753333333,
西铂,
Research In Motion,
长裕通,
M-HORSE,
Panda,1656.00780488,1672.93317073,1627.13512195,1678.90682927,2687.4595122,1648.04292683,1650.03414634,1646.05170732,5957.04195122,14199.695122,25824.4346341,24756.1453659,
诚基,
朗星达,
腾信,
腾信时代,
八〇九〇,
三美琦,
佳通,92.8,91.76,102.16,123.48,102.68,101.64,114.12,108.92,136.48,104.76,184.32,111.0,
AG-TEL,
英迈,10.0,10.0,10.0,10.0,10.0,10.0,10.0,10.0,10.0,10.0,10.0,10.0,
Yamanlar,
爱意通,
亿城,
Sallin,
惠普,
Vertu,26452.8821818,7470.33418182,7574.31527273,5721.65218182,22195.6563636,5718.65272727,6155.57327273,6956.42763636,64555.9530909,8632.12290909,6636.48581818,5626.66945455,
安利普,
金豆子,
MOFUT,
捷路通,
畅想未来,206.357142857,99.5714285714,781.142857143,340.071428571,181.285714286,282.5,97.7142857143,102.357142857,168.285714286,153.428571429,132.071428571,140.428571429,
DBBD,
尼奥库珀,
BenQ-Siemens,
Systex,
优品,102.95,96.45,98.4,110.1,126.35,109.45,109.45,117.25,143.25,137.4,114.65,120.5,
INTEX,20.0,20.0,20.0,20.0,20.0,20.0,20.0,20.0,20.0,20.0,20.0,20.0,
自由客,502.375,517.0,570.625,561.85,439.975,382.45,404.875,519.925,528.7,541.375,491.65,399.025,
亚创达,
摩乐,
欧怡,
Leadcore,
爱立顺,143.9,83.45,75.65,58.1,69.15,87.35,55.5,49.65,64.6,99.05,53.55,48.35,
欧歌无线,
Palm,4106.37142857,410.582857143,734.097142857,509.085714286,451.142857143,403.822857143,396.097142857,422.171428571,376.782857143,402.857142857,556.405714286,319.805714286,
众鑫百合,
OLYMPIA,
SPICE,124.8,85.8,107.466666667,104.0,111.8,111.8,102.266666667,111.8,130.866666667,143.0,76.2666666667,76.2666666667,
果壳,2408.98,2630.15333333,2459.50666667,2215.45333333,2326.04,2337.48,1900.85333333,1857.0,2022.88,2432.81333333,2114.4,2191.62,

小辣椒,1590.26666667,1522.58,2415.85333333,2464.47333333,1738.03333333,2351.02666667,2336.72666667,1888.66,2470.19333333,1844.80666667,1705.62,1485.4,
华讯方舟,101.4,97.9333333333,114.4,152.533333333,135.2,113.533333333,170.733333333,246.133333333,139.533333333,343.2,655.2,480.133333333,
华讯,12.0,12.0,12.0,12.0,12.0,12.0,12.0,12.0,12.0,12.0,12.0,12.0,
Boheng,
广鑫,
敏讯,
Capot,
中锘基雅,
i-Mobile,
摩天,
东铁,
东铁通讯,
优优,630.066666667,761.8,624.0,569.4,715.0,571.133333333,432.466666667,623.133333333,587.6,622.266666667,505.266666667,504.4,
索爱,418.025,444.35,347.825,323.45,301.025,455.075,488.225,426.8,350.75,383.9,246.425,218.15,
吉事达,
SHENZHENTAIFENG TECHNOLOGY CO.LTD,
好响亮,
锋达通,71.9333333333,120.466666667,104.0,63.2666666667,65.0,50.2666666667,58.9333333333,169.0,143.0,109.2,72.8,66.7333333333,
HoToLo,
TELIT,
虹联盟,
奇虎,601.466666667,499.2,635.266666667,358.8,857.133333333,519.133333333,555.533333333,853.666666667,582.4,598.866666667,266.933333333,352.733333333,
京凯达,
宸通和,
欧度利方,
神奇工场,141.82,143.38,379.72,317.32,160.54,392.2,116.86,488.14,155.08,130.12,133.24,104.38,
有方,7.0,7.0,7.0,7.0,7.0,7.0,7.0,7.0,7.0,7.0,7.0,7.0,

卓酷,
Century,164.514285714,145.942857143,212.8,154.114285714,163.028571429,179.371428571,124.4,166.0,334.628571429,231.371428571,100.628571429,85.0285714286,
恒润讯达,
IO Mobile,
Peiker Acustic,
金酷珀,
夏朗,542.575,676.15,965.725,626.425,632.275,503.575,717.1,498.7,766.825,519.175,960.85,526.975,
Harman Becker,
舒高,5584.74666667,682.475555556,1396.55111111,2176.43555556,1530.13333333,654.973333333,618.631111111,533.177777778,604.88,1234.48444444,703.102222222,1097.95555556,
米语,
LANJIXING,
Newplan,
蓝鹏伟业,
GELI,66.7333333333,70.2,99.6666666667,98.8,90.1333333333,110.066666667,117.866666667,93.6,82.3333333333,78.0,61.5333333333,99.6666666667,
天方爱九九,
金讯宏盛,
Longsung,

鑫王牌,

Lianchuang-jeeger,
英达思康,
赛鸿,
振华宇科,
晨信,
新飞洋,
夏星,
金品质信,
鼎盛伟业,
华宇,730.6,776.533333333,748.8,661.266666667,687.266666667,578.066666667,529.533333333,621.4,822.466666667,789.533333333,888.333333333,784.333333333,
GX,145.85,141.95,156.25,128.3,112.7,125.05,139.35,146.5,172.5,162.1,116.6,110.75,

长田,
艾酷,12.0,12.0,12.0,12.0,12.0,12.0,12.0,12.0,12.0,12.0,12.0,12.0,
Gospell Digital,
CK,2793.656,3120.684,4160.06,3809.32,3193.796,2800.572,3053.5,3464.508,3654.204,4117.576,3411.156,7540.996,
UTStarcom,
UT斯达康,144.733333333,78.0,156.866666667,128.266666667,75.4,92.7333333333,65.0,84.9333333333,106.6,71.9333333333,91.8666666667,81.4666666667,
WiDeHouse,
友堂,
友为,
Alcatel,

华锐,68.4666666667,33.8,64.1333333333,59.8,66.7333333333,65.0,52.8666666667,61.5333333333,139.533333333,104.0,112.666666667,113.533333333,
金立致远,
Maximus,
MOBILEECO,

世纪星宇,
YECON,
恒动力叁陆伍,
恒动力,
华录,
Holley,
MICROMAX,165.533333333,295.533333333,168.133333333,221.0,196.733333333,825.933333333,268.666666667,192.4,286.0,287.733333333,147.333333333,116.133333333,
Huifemhyuantong,
汇丰源通,
GOWAY,
戴尔,4014.14857143,3901.16,3888.60571429,3161.42285714,2992.42285714,2940.27428571,3159.49142857,4101.06285714,4463.20571429,5755.33142857,4403.33142857,3900.19428571,
i&k,3553.424,3860.692,3353.848,3284.688,3299.508,3186.876,3974.312,3887.368,4189.696,5092.728,3523.784,3826.112,
酷潮,
展伟讯,
卓普,118.28,124.0,110.48,103.2,118.28,72.52,68.88,62.64,165.6,63.16,65.76,77.72,
芒果智讯,
芒果,24265.3474286,22023.2708571,33932.0545714,34876.2445714,29554.8097143,24375.2531429,31611.0457143,38463.1674286,40424.4848571,40430.4797143,46100.6154286,89290.5637143,
世纪天元,10.0,10.0,10.0,10.0,10.0,10.0,10.0,10.0,10.0,10.0,10.0,10.0,
Qualcomm,88.12,182.24,100.08,121.92,85.52,72.52,73.04,79.8,125.04,83.96,95.4,72.0,
MAGNUS,
Sagem,
三五互联,699.775,940.6,1315.0,999.1,2337.775,1344.25,671.5,730.975,737.8,571.075,727.075,881.125,
金腾亿,
KODASL,
Comneed,

Spreadtrum,
WAAWO,12.0,12.0,12.0,12.0,12.0,12.0,12.0,12.0,12.0,12.0,12.0,12.0,
美盛通达,
为美,
白米,42.4666666667,40.7333333333,55.4666666667,77.1333333333,91.0,80.6,110.066666667,84.0666666667,89.2666666667,119.6,61.5333333333,60.6666666667,
MIZTON,
JINPIN,
KENKO,9.0,9.0,9.0,9.0,9.0,9.0,9.0,9.0,9.0,9.0,9.0,9.0,
DEXP,
大诚,
智讯,
VERTICE,

ALCATEL,
智臻,
三众,
海米高科,
GOBO,
上善,
鑫格伟业,
佳信达,
EZZE MOBILE TECH INC,
Baida,
兴创伟业,
微诺,
Toshiba,257.371428571,278.914285714,310.857142857,272.228571429,252.914285714,198.685714286,214.285714286,242.514285714,279.657142857,261.085714286,200.171428571,241.771428571,
兴华唐,
BMM,
COPICEL,

事达,
小杨树,7.0,7.0,7.0,7.0,7.0,7.0,7.0,7.0,7.0,7.0,7.0,7.0,
Stelcom,
xiaomi,53243.6723333,30101.7028333,32119.3461667,81434.7443333,21628.5996667,22525.552,17656.2395,35936.8871667,25738.7988333,20618.7791667,33425.8201667,30341.4228333,
ONDA,99.6666666667,123.933333333,101.4,109.2,102.266666667,84.0666666667,90.1333333333,106.6,101.4,114.4,123.933333333,121.333333333,
Sierra Wireless,
SIERRA,

吉祥鸟,9.0,9.0,9.0,9.0,9.0,9.0,9.0,9.0,9.0,9.0,9.0,9.0,
O-NINE,
金伯爵,
尼凯恩,
MGUO,11.0,11.0,11.0,11.0,11.0,11.0,11.0,11.0,11.0,11.0,11.0,11.0,
G-BEST,
齐乐,
JINHAN,
Trident,45.9333333333,58.0666666667,49.4,50.2666666667,69.3333333333,66.7333333333,65.8666666667,121.333333333,65.0,63.2666666667,53.7333333333,37.2666666667,
华臣,130.866666667,104.0,71.0666666667,85.8,66.7333333333,58.0666666667,85.8,63.2666666667,97.9333333333,114.4,83.2,138.666666667,
指南针,930.96,1054.89333333,1470.54666667,1588.76,1359.96,1516.30666667,1093.02666667,1424.78666667,1301.80666667,1502.96,1218.86666667,1473.40666667,
菲乐普,
欣博阅,
博阅,9.0,9.0,9.0,9.0,9.0,9.0,9.0,9.0,9.0,9.0,9.0,9.0,
金盛科,
金科,320.0,295.0,359.0,393.0,783.0,483.0,462.0,383.0,311.0,399.0,367.0,307.0,
佳奇昌,
CSL,136.1,82.8,101.65,84.75,154.3,86.7,75.0,78.25,85.4,100.35,83.45,52.9,
Innostream,
EMI,
HUAQIN,
亚力通,
LENK,
LONGCHEER,
QUANTA,
好利通,
欧上,
EGLTEL,
南极星,98.8,115.266666667,95.3333333333,91.8666666667,90.1333333333,92.7333333333,80.6,91.8666666667,137.8,113.533333333,84.9333333333,91.8666666667,
普爱达,
纽曼数码,
T-LINK,

小霸王,620.63,1105.66,1189.38,570.58,613.35,523.26,863.6,675.23,730.74,744.39,531.45,582.41,
LANSHUOXING,
Asustek,
旗润,
科王索爱,
索爱佳通,
FOMA,
天勤,
美菱,310.266666667,325.866666667,647.4,430.733333333,433.333333333,464.533333333,386.533333333,349.266666667,339.733333333,326.733333333,345.8,281.666666667,
欧网,
UMO,
ACT,673.854545455,542.436363636,564.181818182,545.272727273,595.381818182,635.090909091,570.8,628.472727273,722.072727273,792.036363636,526.363636364,415.745454545,
Hong Kong Tai Sheng International Ltd,
卡卓无线,
卡卓,
Skyhon,
卡布奇诺,568.8,637.818181818,567.854545455,622.690909091,857.163636364,475.2,729.527272727,617.018181818,554.618181818,557.454545455,509.236363636,531.927272727,
DCT,200.2,265.2,250.466666667,673.4,250.466666667,194.133333333,198.466666667,234.0,240.933333333,313.733333333,250.466666667,347.533333333,
尚锋,
Hewlett-Packard,
POLYTRON,
CHINA HUALU,
Umeox,
UMEOX,
Wittis,
维图,
京崎,
Yidong-Hantel,
U9,9725.25333333,10719.2622222,9402.10222222,9192.88888889,8297.10222222,8270.58222222,9354.95555556,10505.1377778,8175.30666667,10751.6755556,10335.2133333,8503.36888889,
诺嘉源,
屹东,
MOBLOG,
VODAFONE,96.2,128.266666667,122.2,88.4,90.1333333333,79.7333333333,76.2666666667,79.7333333333,92.7333333333,81.4666666667,76.2666666667,99.6666666667,
查氏,

爱久久,20.0,20.0,20.0,20.0,20.0,20.0,20.0,20.0,20.0,20.0,20.0,20.0,
WEXLER,
FLYAUDIO,
ABARDEEN,
China Base Mobile-CBT,
紫光海泰,
Amgoo,
爱果,
宝尔爱迪,
朗界,
Feijie,
Tokyo Fujika Japan,
国力通,
玉科,
BASSOON,
深安,
比酷,
比酷时代,
沃泰尔,
宜展,
蝶变,177.666666667,153.4,168.133333333,160.333333333,164.666666667,299.0,171.6,128.266666667,143.0,121.333333333,130.0,204.533333333,
美盛通,
联隆鸿业,
Sewon,
KECHAO,
博瑞,1023.024,1114.908,6680.312,9493.148,3659.008,3290.484,3838.824,3300.364,3493.024,3754.844,3653.08,4031.484,
特灵通,
同洲,
金卓,
艾优尼,123.933333333,188.933333333,152.533333333,300.733333333,286.866666667,318.933333333,179.4,264.333333333,818.133333333,216.666666667,176.8,346.666666667,
科乐斯丁,
百灵葳朗,
CHANGJIANG,54.32,52.24,109.96,58.48,55.88,161.96,67.84,55.36,66.28,65.24,56.4,53.28,
双侨,
Wangfutong,
FUJITSU,104.866666667,77.1333333333,101.4,73.6666666667,91.8666666667,71.9333333333,79.7333333333,67.6,85.8,148.2,85.8,69.3333333333,
General Mobile,
SHOWN,
全球现代,
SUOPU,
PAYQI,
唯乐,78.76,82.92,86.56,96.44,75.64,86.56,90.2,104.76,139.08,160.92,96.44,80.32,
Restar,
NGT-Newgen,
乐购天地,
CAT,948.13,913.55,785.24,644.19,695.15,588.68,613.25,621.44,872.6,1051.87,1349.44,741.56,
摩西,680.423333333,603.68,3720.25666667,1159.82,807.996666667,728.263333333,822.946666667,664.476666667,763.146666667,638.563333333,749.193333333,637.566666667,
爱摩登,

新邮,
SANVTO,
诚信赢,
广信,80.2,62.65,76.3,78.25,155.6,88.65,74.35,72.4,68.5,68.5,52.25,58.75,
掌中宝,108.333333333,85.8,123.066666667,103.133333333,128.266666667,116.133333333,113.533333333,123.066666667,158.6,126.533333333,103.133333333,84.0666666667,
Daewoo,
Long Shine,
SHY,383.066666667,313.733333333,420.333333333,321.533333333,361.4,308.533333333,331.933333333,355.333333333,380.466666667,507.0,301.6,179.4,
强者,99.6666666667,64.1333333333,60.6666666667,60.6666666667,87.5333333333,84.0666666667,120.466666667,95.3333333333,88.4,64.1333333333,74.5333333333,55.4666666667,
诺菲世纪,
奥霖斯,
DongYi-Hantel,
汉泰,
AVE,79.7333333333,70.2,76.2666666667,100.533333333,93.6,128.266666667,101.4,106.6,91.0,143.0,58.0666666667,64.1333333333,

GRESSO,
Hua Shu Long Tong,
FENGHUO,10.0,10.0,10.0,10.0,10.0,10.0,10.0,10.0,10.0,10.0,10.0,10.0,
爱尔马,
七星河,
骋娱传媒,
AURO,
艾捷莫,
今典,
跳跳鱼,208.866666667,728.0,183.733333333,201.933333333,332.8,283.4,291.2,411.666666667,403.866666667,488.8,562.466666667,850.2,
KINBO,
金珀,133.466666667,113.533333333,115.266666667,147.333333333,145.6,107.466666667,102.266666667,108.333333333,105.733333333,80.6,80.6,74.5333333333,
国正,
山田,47.7,56.8,54.85,71.75,75.65,136.75,80.2,62.65,62.65,142.6,36.65,44.45,
金润,11.0,11.0,11.0,11.0,11.0,11.0,11.0,11.0,11.0,11.0,11.0,11.0,
港米,
AiNUODE,
金利通达,
爱诺德,
xiaolajiao,12.0,12.0,12.0,12.0,12.0,12.0,12.0,12.0,12.0,12.0,12.0,12.0,
BLU,78.24,75.64,78.76,77.72,76.68,178.6,128.68,93.32,87.6,71.48,98.0,73.56,
赫比,9.0,9.0,9.0,9.0,9.0,9.0,9.0,9.0,9.0,9.0,9.0,9.0,
TINNO,
VK Mobile,
嘉年华,1025.58,938.22,1194.84,1074.72,877.25,861.78,762.59,879.98,933.67,926.39,1148.43,658.85,
NEW FIYING,
雅迅,
Sansui,10.0,10.0,10.0,10.0,10.0,10.0,10.0,10.0,10.0,10.0,10.0,10.0,
真爱,850.853333333,714.31,3793.01333333,767.133333333,646.536666667,568.796666667,786.07,3329.56333333,2892.02666667,998.36,837.896666667,598.696666667,
百嘉好,
思卡利得,
迈峰,
DONGMAO,

捷语,
诺记,
SRT,135.44,114.12,140.64,157.8,134.4,116.2,116.72,110.48,131.8,146.36,153.12,161.44,
CLOVE,
BENYI,
1.me,
Xing Bao Tong,
汇通富,
润龙,
Visiontek,
YUYI,
E.XUN,
奥利信,
CAFE,139.257142857,171.942857143,148.914285714,154.857142857,135.542857143,136.285714286,135.542857143,136.285714286,181.6,327.942857143,102.857142857,137.028571429,
FORBY,
HaipaiNoble,
HP,5916.44,4937.332,6005.36,5352.292,5389.836,4936.344,4762.456,5205.08,6222.72,5904.584,6283.976,7053.628,
Sitec,
芯洲源,
优米通达,
优普,6.0,6.0,6.0,6.0,6.0,6.0,6.0,6.0,6.0,6.0,6.0,6.0,
新智慧,
帝唯,
科泰,9.0,9.0,9.0,9.0,9.0,9.0,9.0,9.0,9.0,9.0,9.0,9.0,
KINKO,
Bleu,
UWEI,
共创伟业,
周讯天意,
ADVAN,
ANBO,
GLIDA,
Xolo,
OONE,
Hame,
天基,235.42,317.32,486.58,303.28,268.96,257.26,350.08,222.16,213.58,278.32,251.8,314.98,
鼎泰达,
洲际通,
米錡,
Pujie,
1米,7.0,7.0,7.0,7.0,7.0,7.0,7.0,7.0,7.0,7.0,7.0,7.0,
DBTEL,

壹人壹本,
E人E本,457.025,316.625,266.9,185.0,242.525,185.975,308.825,230.825,231.8,247.4,254.225,213.275,
自然派,10.0,10.0,10.0,10.0,10.0,10.0,10.0,10.0,10.0,10.0,10.0,10.0,
随身行,11.0,11.0,11.0,11.0,11.0,11.0,11.0,11.0,11.0,11.0,11.0,11.0,
派尔,
维佳特,
汇业,
佰灵通,
GOLiT,
迪迪,11.0,11.0,11.0,11.0,11.0,11.0,11.0,11.0,11.0,11.0,11.0,11.0,
MUCH,132.32,119.84,117.76,121.4,127.12,120.88,97.48,112.04,141.68,185.36,88.64,81.36,

ACTL,
WHITECHERRY,
卡为,
欧盛,142.133333333,115.266666667,121.333333333,107.466666667,78.8666666667,71.9333333333,117.866666667,68.4666666667,75.4,43.3333333333,60.6666666667,37.2666666667,
Vivatel,
XI,1551.58,2032.06,1441.94666667,1350.42666667,1284.64666667,1060.61333333,1153.08666667,1240.79333333,1216.96,1150.22666667,811.793333333,562.02,
宝莱星,
HaiVo,
联通,30564.7066667,28445.7933333,33221.82,30433.1466667,27073.3833333,29127.5133333,21608.66,21658.4933333,27893.64,20889.0666667,27023.55,33802.8766667,
AFTI,
阿凡提,1651.68,827.046666667,799.4,1696.48666667,957.653333333,922.38,855.646666667,1160.71333333,1055.84666667,1064.42666667,881.386666667,995.786666667,
M.REN,
铭仁,
MorningSide,
唯想,
佰事讯,
Zoobii,
Newman Wealth,
Cheerzing,
Cellon,
赛龙,
Enfora,
SAMWEI,
鼎立华,
易丰展业,
集怡嘉,
G-Plus,
Sendo,
Asiatelco,
威铂,
易罗,
BenWee,
极简,89.2666666667,53.7333333333,57.2,61.5333333333,63.2666666667,53.7333333333,67.6,75.4,85.8,148.2,71.0666666667,56.3333333333,
ULCOOL,
奥乐迪奥,9.0,9.0,9.0,9.0,9.0,9.0,9.0,9.0,9.0,9.0,9.0,9.0,
Tiange,
长裕,
新百伦,4370.01090909,4511.97090909,5086.76,5264.45818182,4116.86545455,3807.13454545,3144.98545455,3352.46545455,5109.59272727,6365.39272727,8000.41454545,6692.99272727,
Nutshell,
科特,
KIEMO,
Ucom-UKING,
YUKE,
维卡,63.2666666667,43.3333333333,42.4666666667,42.4666666667,38.1333333333,46.8,56.3333333333,104.866666667,117.866666667,66.7333333333,38.1333333333,56.3333333333,
Cal-Comp,
翔昊伟业,
天意,210.6,177.666666667,170.733333333,166.4,367.466666667,180.266666667,191.533333333,208.866666667,230.533333333,296.4,247.0,295.533333333,
Kaygen,
Burg,
易来福,
南和通讯,
南和,57.45,72.4,60.7,58.1,52.9,48.35,49.0,57.45,82.8,53.55,70.45,178.35,
Vtion,
VS&ME,1677.42,2464.856,1656.672,1569.728,1704.096,3889.552,1706.072,2237.616,1756.46,2182.288,1416.588,1634.936,
G-TIDE,
东方龙,84.9333333333,59.8,115.266666667,130.0,165.533333333,164.666666667,136.933333333,82.3333333333,73.6666666667,62.4,57.2,54.6,
Techfaith,
SMOBILE,
勤果,
Sins,9.0,9.0,9.0,9.0,9.0,9.0,9.0,9.0,9.0,9.0,9.0,9.0,
DORO,
酷米,240.933333333,256.533333333,418.6,393.466666667,283.4,171.6,201.933333333,667.333333333,233.133333333,255.666666667,261.733333333,188.066666667,
中维恒泰,
恒泰,120.685714286,106.571428571,197.2,315.314285714,223.2,216.514285714,228.4,155.6,145.2,151.885714286,142.971428571,145.2,
派信,
三纬,
金诺达,
ACE,11101.9666667,1904.72666667,1593.76666667,1742.27,1569.84666667,1713.36666667,1590.77666667,1958.54666667,1473.17,1442.27333333,1042.61,1094.43666667,
Lite-On,
雅迅网络,
锐合,
优友,
广盈时代,
MOPS,7.0,7.0,7.0,7.0,7.0,7.0,7.0,7.0,7.0,7.0,7.0,7.0,
Hitachi,162.1,99.7,149.1,108.15,117.25,124.4,120.5,114.0,140.65,135.45,105.55,101.0,
动感通,
Cinterion BGS2-E8,
华宇通达,
Orkia,
卓燚,
索信,
XOLO,
TEEMO,
Zaxid,
Qiangqiang,84.9333333333,66.7333333333,70.2,67.6,58.9333333333,72.8,65.0,75.4,77.1333333333,84.0666666667,85.8,135.2,
MEEGOBAR,
Gaojin-VCall,

恩益禧,
Cep Servis,
Sunplus,
Wistron NeWeb(WNC),
WNC,
Feton,
维纳斯,858.72,953.568,939.736,896.264,1000.992,1049.404,979.256,3026.392,2847.564,2672.688,1362.6,1752.86,
宏森,
美翼景业,
美翼,
欣迪,
BLT,68.4666666667,71.0666666667,67.6,60.6666666667,64.1333333333,83.2,92.7333333333,87.5333333333,89.2666666667,123.066666667,77.1333333333,65.0,
Ouzheng,
万金塔,
AIRPRIME,
P,
世麦,
帝托,
Takepay,
创益伟业,
托柯,
Rowel,
VELL-COM,
三新宏业,

瑞恒,
ROYALSTAR,
科派,

国正通,
欧酷,133.466666667,128.266666667,104.0,103.133333333,104.866666667,116.133333333,128.266666667,95.3333333333,103.133333333,104.0,47.6666666667,58.9333333333,
Virtue,110.1,71.75,99.05,97.1,111.4,148.45,80.85,76.95,108.15,156.25,62.65,62.65,
泽成伟业,
泽成,
独秀伟业,
独秀,128.16,64.72,104.24,113.08,122.44,109.44,81.88,82.4,139.6,139.08,164.04,161.44,
SCV,7.0,7.0,7.0,7.0,7.0,7.0,7.0,7.0,7.0,7.0,7.0,7.0,
Shintom,

KINGK,
蓝魔,850.816,797.464,895.276,697.676,902.192,671.988,2976.004,1045.452,635.432,1810.164,816.236,554.416,
Hoboton,
FREETEL,
ASUSTEK,
Anycool,
Tong Guang,
通广,
摩托,819.82,949.95,944.49,955.41,975.43,894.44,917.19,1050.05,1313.04,1108.29,790.7,687.87,
SYDEACO,
米族,
Jetpolink,
铂锐,11.0,11.0,11.0,11.0,11.0,11.0,11.0,11.0,11.0,11.0,11.0,11.0,
Lawow,
Asianda,
Toplux,
Sanmy,
国网通,
NAIDE,
SAiPU,
VIM,110.1,120.5,164.05,163.4,147.15,130.9,166.0,112.7,156.25,145.2,132.2,165.35,
赛尔丰,
CTC,104.25,76.95,115.95,115.3,121.8,140.65,123.75,97.75,140.65,133.5,108.8,106.85,

TOP-1,
游牧兄弟,
东炜烁,
恒源,
HuaYuNeng,
Tel.Me,
WIDETEL,
MEX,
普耐尔,193.266666667,231.4,318.066666667,120.466666667,124.8,149.933333333,128.266666667,117.0,205.4,177.666666667,131.733333333,137.8,
GONGZHAN,
峰泽联和,
Curitel,
ZTK,
美杰新语,
NIVS,
纳伟仕,
G and T,
Shengganglong Communication,
TONSIN,
旺富通,
金尔雅,
Alfatel,
鼎瑄,
Lemon,120.36,135.44,145.32,122.96,122.96,111.52,176.52,161.44,132.32,127.12,81.88,74.08,
Telian,
Uefa On,
祥集,
SPECTRA TECHNOLOGIES HOLDINGS CO LTD,
HuaQin,
海恩迈,
UROVO,
优博讯,54.6,42.4666666667,63.2666666667,64.1333333333,60.6666666667,49.4,60.6666666667,59.8,58.0666666667,61.5333333333,90.1333333333,118.733333333,
IWOW,
欧凯,
Gusen,
首亿,
GOFEEL,
MobileTech,
LAWOW,
数字硅谷,

VEION,
惠科,125.666666667,109.2,169.0,115.266666667,104.866666667,108.333333333,92.7333333333,85.8,97.0666666667,136.933333333,118.733333333,96.2,
优歌,
Ya Xun,
RAKS Elektronik San,
QLA,
德明,
TRIDENT,45.9333333333,58.0666666667,49.4,50.2666666667,69.3333333333,66.7333333333,65.8666666667,121.333333333,65.0,63.2666666667,53.7333333333,37.2666666667,
Gostar,
ZEN,367.466666667,363.133333333,278.2,312.866666667,316.333333333,377.866666667,296.4,308.533333333,269.533333333,280.8,331.066666667,322.4,
Kingtech Telecom (Shenzhen) Co Ltd-GFIVE,
XHTA,
炫华,
Mirae,
橙石网络,
橙石,
SHENZHEN ENTERPRISE REMOTE CONCENTRIC TECHNOLOGY,
KARBONN,
Fly,495.96,498.69,515.07,1086.55,798.99,644.29,815.37,525.99,596.97,649.75,322.15,632.46,
LAVA,115.266666667,134.333333333,123.933333333,104.866666667,111.8,101.4,123.933333333,117.866666667,119.6,123.066666667,143.866666667,131.733333333,
DARAGO,
Techwish,
Jingqi-TOOKY,
KOOMII,
佳的美,
Westermo,
OKTEL,
酷绅,
LEAGUER,
力合,7.0,7.0,7.0,7.0,7.0,7.0,7.0,7.0,7.0,7.0,7.0,7.0,
力鑫,
YImmY,
马丁库珀,
CATS,20.0,20.0,20.0,20.0,20.0,20.0,20.0,20.0,20.0,20.0,20.0,20.0,
YuHua,
爱姆克,
THTF,
WALTON,
Asion-Star,
Jinzhong-B&Y,
Xtelecom,
普蓝,
Digital China Networks Limited,
Nationz,
Bystar,
i,3553.424,3860.692,3353.848,3284.688,3299.508,3186.876,3974.312,3887.368,4189.696,5092.728,3523.784,3826.112,
BonusData,
CCIT,177.56,50.16,127.64,78.76,89.68,106.32,106.84,46.52,102.16,128.16,92.28,141.16,
唯掌,
Gold Quality,
MIFPONE,
Inventia,
Aolixin,
YUGE,
普天同乐,
朗恩,
Etom,
巨豆豆,
PRIME,367.325,342.95,393.65,384.875,325.4,307.85,389.75,356.6,332.225,484.325,450.2,168.425,
GeatWall,
PANASONIC,279.657142857,283.371428571,291.542857143,287.085714286,328.685714286,283.371428571,258.857142857,254.4,307.142857143,335.371428571,240.285714286,193.485714286,
铂云,
ANYCOOL,
OMES,

Spice Mobile,
Mobile Innovation,
Nuoka,
蓝博通,
乐派,12704.5818182,9581.46181818,2482.46909091,2772.34545455,4301.14545455,6991.43636364,6092.02545455,8181.71636364,13696.3163636,13191.0181818,2336.53818182,1660.49090909,
ATWIN,
赛浦,
ROSELL IDS SL,
SUNY,
Mointmobile,
OKING,
YXTEL,
QMOBILE,
海鹏辉,
BYD,2500.6,1689.4,1584.1,1600.675,1362.775,1265.275,1058.575,938.65,1099.525,1726.45,1073.2,1111.225,
Vsun,
Foxda,
旺德诚,
Mebaya,
酷联,
BANGBANGTANG,
悠唐,
Conor,
泰讯,
科盛,
Phoenix,
NGM,
Tintele Global,
百豪,
ENJOY,
爱琴海,
瑞高智能设备,
瑞高,
爱时尚,
星宇,
CHEERZING,
J-Max,
Qtek,
七彩虹,
SMART,
T-TALKCOM,
DLAN,
ATech,
BEIER,
Gowell Telecom,
Qisda,
美歌,
TINTELE,
I-MOMA,
Prince,
索野优品,
索野,
DAPS,
KEBAO,
Ninefive,
XKL,
SKY VOICE,
群扬,
中浦瑞,
JINGUIZI,
HYUNDAI,
MFU,
Loobee,
XINWEI,
Marconi,
C-BOSS,
JOYPLUS,
BOCOIN,
GilD,
CARLVO,
Symbol Technologies,
Bluewinc,
Evertek,
EVERTEK,
中启,
WIKO,
Addvalue Communications,
vofone,
沃德丰,
YAYI,
M2,1040.05,1226.275,2328.025,1438.825,1733.275,1124.875,1417.375,1606.525,766.075,937.675,933.775,628.6,
Kadeer,
红萝卜,334.175,254.225,233.75,219.125,202.55,181.1,210.35,225.95,324.425,458.975,414.125,361.475,
Earth Village,
格力,3496.54222222,2301.17777778,5948.16888889,5660.37777778,3883.53777778,4135.96888889,4688.96,3010.34222222,4178.20444444,2879.70666667,3021.14666667,3038.82666667,


恩泽,63.16,73.56,72.52,61.6,64.2,66.28,78.24,152.6,162.48,71.48,54.32,62.12,
恩泽通信,
Zeling,
Amart,
AVVIO,
Utop,
TANG,127.65,124.4,109.45,105.55,128.95,108.8,117.25,120.5,132.2,164.7,71.1,63.3,
Siecom,
CKT,
D-NET,

联迪,20.0,20.0,20.0,20.0,20.0,20.0,20.0,20.0,20.0,20.0,20.0,20.0,
GOLDART,
EOGE,
小鸟,681.6,808.09,714.36,767.14,747.12,688.88,694.34,697.98,1220.32,778.06,641.56,623.36,
LONGSUNG,
STK,138.514285714,140.0,128.114285714,124.4,284.114285714,123.657142857,135.542857143,139.257142857,220.971428571,310.114285714,185.314285714,64.2285714286,
Shouyi,

RUBIKS,
Tatung,
EIROGA,
Gigabyte,20.0,20.0,20.0,20.0,20.0,20.0,20.0,20.0,20.0,20.0,20.0,20.0,
技嘉,1201.72,1200.81,1247.22,1216.28,1266.33,1207.18,1143.48,1186.25,1359.15,1564.81,1360.06,1391.0,
乐声,
Tecom Co,
MOTSKY,
Palmax Corporation,
NEWTONE,
SIERRAWIRELESS,
NUOKE,
Accord,112.666666667,93.6,126.533333333,116.133333333,115.266666667,117.866666667,110.933333333,98.8,135.2,165.533333333,71.9333333333,162.066666667,
Profil,
诺金,
Techfaith technology ltd,
心动,12553.132,3476.376,2074.404,2105.032,1962.76,1819.5,1551.752,1749.352,2678.072,1897.552,1622.888,1803.692,
心动科技,
IPWireless,
GLOCALME,
Emblaze,
禧泰,
VOLKSWAGEN-GROUP,
Vince,86.6666666667,65.0,78.8666666667,99.6666666667,89.2666666667,58.0666666667,97.0666666667,67.6,60.6666666667,148.2,99.6666666667,117.0,

曼迪客,
SHMA,
NONY,
爱宝隆,
Skyzen,
LINGXI,
四吉,
鑫诺,
KZG,
奈华特,
Mayson,
TGL,
Sanhexin,
SKING,
SHENYINGTIANWEI,
领航互动,
米玛,
E-Research,
Guangzhou Soutec,
XLD,
Lianhe,20.0,20.0,20.0,20.0,20.0,20.0,20.0,20.0,20.0,20.0,20.0,20.0,
Kangli,
Superb,20.0,20.0,20.0,20.0,20.0,20.0,20.0,20.0,20.0,20.0,20.0,20.0,
Fastrack,
你酷,
Beaucom,
HONEYWELL,234.866666667,202.8,252.2,251.333333333,276.466666667,277.333333333,210.6,227.066666667,298.133333333,296.4,299.866666667,318.066666667,
LGTD,
Jiyou,20.0,20.0,20.0,20.0,20.0,20.0,20.0,20.0,20.0,20.0,20.0,20.0,
世纪鼎利,283.45,268.825,359.5,686.125,519.4,391.675,2044.3,330.25,234.7,406.3,314.65,293.2,
优PHONE,
Beswin,
Flextronics,10.0,10.0,10.0,10.0,10.0,10.0,10.0,10.0,10.0,10.0,10.0,10.0,
HYLD,
新势力传奇,
LEFE,
Sino Electronics,
Tresor,
PRI,14.0,14.0,14.0,14.0,14.0,14.0,14.0,14.0,14.0,14.0,14.0,14.0,
Ding Bang,
Bosi,
MAXIMUS,
TOUCHMATE,
T.WIN,
MOVI,9.0,9.0,9.0,9.0,9.0,9.0,9.0,9.0,9.0,9.0,9.0,9.0,
HENGLE,
WEE,123.48,120.88,117.24,122.96,115.68,116.72,137.52,142.72,165.08,130.76,110.48,100.08,
星凡,
Akasaki,
United Telelinks (Bangalore) Ltd,
本为,
CHANNEL PHONE TECHNOLOGY CO LTD,
Tellumat (Pty) Limited,
NETGEAR,
CIPHERLAB,
Beijing Hi-Tech(HTW),
长普达,
Sonim,92.7333333333,64.1333333333,74.5333333333,124.8,84.9333333333,65.8666666667,82.3333333333,91.0,106.6,67.6,164.666666667,77.1333333333,
硕尼姆,
xinlihong,
米莱,88.65,107.5,86.7,71.1,67.85,91.9,138.7,114.0,165.35,67.85,99.05,57.45,
HUGIGA,
TTSHINE,
Futaihong,
Mobilexp Technology,
QIYUN,
紫米,318.285714286,207.6,211.314285714,294.514285714,220.228571429,173.428571429,191.257142857,243.257142857,225.428571429,244.742857143,292.285714286,233.6,
展翼伟业,
展翼,
华凌,
蓝域,
巨硕易能,
MOBIWIRE,
SZL,
Hartono Istana,
QBB,
E-ma,
极简创业,
卓翼智造,
YESTEL,
CCT,239.34,1011.93,277.56,237.52,293.94,263.91,224.78,216.59,1168.45,546.01,600.61,222.05,
锤子（作废）,
酷达,

DJ-TEL,
开心二八八,
欧信,
酷信,
天龙世纪,
SPREADTRUM,
芯晶彩,
龙酷,
Tiptop,7.0,7.0,7.0,7.0,7.0,7.0,7.0,7.0,7.0,7.0,7.0,7.0,
DigSee,
Raho,
Thales,
Yash Mobiles,
莱尚,
福满多,11.0,11.0,11.0,11.0,11.0,11.0,11.0,11.0,11.0,11.0,11.0,11.0,
智上,
通达胜,
Vita Electronic,
ZhenHua YuKe-ViKO,
BESWIN,
Yingyechuangxin,
科王纽爱,
Dyskam,
G VILL,
GVILL,
EXPLAY,
Sky Tango,
翼乐,
天宏时代,
MACH,10.0,10.0,10.0,10.0,10.0,10.0,10.0,10.0,10.0,10.0,10.0,10.0,
Celkon,
XINAI,69.3333333333,96.2,68.4666666667,81.4666666667,66.7333333333,53.7333333333,67.6,71.9333333333,89.2666666667,119.6,68.4666666667,84.9333333333,
ZHUOYI,
中民康明,
Anand,
ITON,
Ikomo,
Cubeblue,
海棠,836.275,1168.75,2338.75,1925.35,1090.75,941.575,747.55,872.35,1081.975,1104.4,815.8,746.575,
LEADERUP,
Fadar Telecom,
MARSHALL,64.2,71.48,63.68,66.28,61.08,59.0,158.84,73.04,74.08,72.0,72.0,53.28,
ISA,113.533333333,122.2,143.0,131.733333333,126.533333333,92.7333333333,93.6,92.7333333333,117.0,127.4,72.8,76.2666666667,
Hongfai,
Contrackt Electronika,
Suchinfotech,
ZYXEL,
Megaidea Int,
RIV,
RICHTECH,
IFLYTEK,
KING,1140.69333333,1010.08666667,955.746666667,1446.71333333,1849.02,1252.23333333,859.46,1573.50666667,723.133333333,894.733333333,381.84,423.786666667,
大成,717.413333333,772.706666667,805.12,872.806666667,1028.2,1009.13333333,965.28,922.38,1073.96,991.973333333,1570.64666667,1313.24666667,
Yuwei,
世家,370.066666667,327.6,353.6,328.466666667,280.8,398.666666667,475.8,418.6,445.466666667,549.466666667,268.666666667,302.466666667,
XLTEL,
GNINE,
城烽伟业,
华帝高科,
海旭,
QUECLINK,
GRENTECH,
Hojy,
Fiying,
VS,1677.42,2464.856,1656.672,1569.728,1704.096,3889.552,1706.072,2237.616,1756.46,2182.288,1416.588,1634.936,
ASE Telecom,
World Mobile,
爱维特,
TWINMOS,
宏泰尔,
Chi Mei,
SYMBIT,
GBEST,
雷梦,

明基,394.654545455,362.509090909,430.581818182,433.418181818,414.509090909,449.490909091,354.945454545,345.490909091,405.054545455,713.272727273,458.945454545,378.581818182,
洪洋,7.0,7.0,7.0,7.0,7.0,7.0,7.0,7.0,7.0,7.0,7.0,7.0,
洪洋伟业,
ITOUCH,397.55,516.5,329.3,300.05,247.4,294.2,467.75,287.375,318.575,455.075,236.675,200.6,
Nocooglory,
可美,
宇隆,
AMGOO,
Utec,
Falcom,137.225,158.675,114.8,100.175,124.55,118.7,136.25,115.775,328.325,488.225,143.075,115.775,
LOYAL TECHNOLOGY CO LTD,
金科鼎,
CONCOX,
凌泰,
旭承丰,
语泉,
LEPAI,
Ritz,7.0,7.0,7.0,7.0,7.0,7.0,7.0,7.0,7.0,7.0,7.0,7.0,
KLITON KAILITONG,
ROUSING,
TAKE,876.785714286,559.214285714,613.071428571,628.857142857,675.285714286,775.571428571,492.357142857,445.0,775.571428571,760.714285714,281.571428571,346.571428571,
Gradiente,
Zhongdian,
CALLONE,
晶烽伟业,
爱谱乐,
Tengxin Times-TENSENT,
Satko,
ICUBEX,
Guoqian Technolog,
辉灿,223.025,312.725,181.1,142.1,211.325,472.625,367.325,245.45,203.525,228.875,183.05,117.725,
Splin,
Psitek,
MobileShot,
华度明朗,
华度,
KM WANZHONG COMMUNICATION TECHNOLOGY CO LTD,

至能,
INFINIX,
Putian Dexin,
Smartcell,
Xircom,
捷来,
东之星亚,
Cyber Blue,
AZUMI,15.0,15.0,15.0,15.0,15.0,15.0,15.0,15.0,15.0,15.0,15.0,15.0,
Lakia,


ORIGHT,
华夏通,
United Telelinks,
CXTEL,
MJXy,
GREENTEL,
DEWAV,
EZIO,138.7,134.15,118.55,114.0,122.45,109.45,108.15,107.5,114.65,156.25,120.5,101.0,
安派,
OZTIL,
赢者,
ORA MOBILE,
KCMOBILE,
REEDER,
GENERAL,379.72,325.12,383.62,403.12,369.58,376.6,325.9,343.84,419.5,519.34,173.02,182.38,
创智成,
HONGJIA YUAN,
KEP,
KOCIN,
ONIDA,
乾润,
WIME,
Sigmatel-FXD,
同立莱,
心爱,15.0,15.0,15.0,15.0,15.0,15.0,15.0,15.0,15.0,15.0,15.0,15.0,
Texecom,
SKK,
Paranaiba Telecom Industria de Telefones Celulares Ltda,
OCTO,
Codacom,
Funktel,
BU,150.0,143.24,172.36,156.76,148.44,127.12,147.4,154.68,173.4,157.28,108.4,127.64,
诚虹,
Lanview,
Usha-Lexus,
YOLSOL,
CORISE,
A-TEN Technology,
DYNAMAX,
Cheng Uwei Precision,
hope,645.913333333,672.606666667,1315.15333333,580.133333333,475.266666667,493.38,461.92,522.933333333,536.28,685.953333333,317.966666667,301.76,
Shunkia,
Jablotron,
Wonu Telecom,
BMOBILE,
BLACKVIEW,
迈瑞铂,
Wasam Technology,
EcoWaste,
D-LINK,345.4,364.12,355.54,481.12,387.52,334.48,360.22,329.02,318.88,337.6,300.94,283.0,
U-BLOX,
华世基,
核桃,2162.88,2024.56,1818.068,1715.316,1592.804,1552.296,2508.68,2381.228,3273.392,2946.364,2718.136,2464.22,
智普,
Wall,107.88,129.72,123.48,133.88,133.36,132.84,126.08,116.2,150.52,160.92,69.4,68.88,
中智新创,
Solutech,
Mbians,
ROKEA,
BLACKPHONE,
Hero,997.15,1309.15,1083.925,1127.8,2272.45,1384.225,905.5,1180.45,1414.45,1228.225,685.15,516.475,
Tekel,
华豚,
MANTA,1527.74666667,811.793333333,325.593333333,225.493333333,189.266666667,171.153333333,208.333333333,167.34,156.853333333,170.2,173.06,152.086666667,
aiyitong,
老板,497.2,440.472727273,557.709090909,558.654545455,591.745454545,759.090909091,505.709090909,624.836363636,595.527272727,825.272727273,699.527272727,440.472727273,
SMARTUFO,
Bellzoo,
Yayide,
Teleepoch,
D-Link,345.4,364.12,355.54,481.12,387.52,334.48,360.22,329.02,318.88,337.6,300.94,283.0,
SmartCell,
Q-MOBILE,
德帮,20.0,20.0,20.0,20.0,20.0,20.0,20.0,20.0,20.0,20.0,20.0,20.0,
智惠,
GTIME,
爱九九,
Infosonics,
VERYKOOL,
G.D.M,
FACETEL,
Best IT World,
NEWMAN,7.0,7.0,7.0,7.0,7.0,7.0,7.0,7.0,7.0,7.0,7.0,7.0,
壹捌玖,
Erco and Gener,
NINEFIVE,
NEWOD,
GCING,
KVD,
Xinbiaoda,
硕码,
KC,292.066666667,292.933333333,271.266666667,383.066666667,251.333333333,342.333333333,287.733333333,305.933333333,313.733333333,313.733333333,224.466666667,196.733333333,
Sofrel,
Funny,240.933333333,252.2,314.6,189.8,201.933333333,189.8,165.533333333,163.8,274.733333333,292.933333333,124.8,99.6666666667,
臻爱,635.815714286,673.218571429,633.847142857,665.344285714,707.668571429,716.527142857,731.291428571,708.652857143,3279.60714286,8393.95571429,4848.55857143,958.661428571,
Ginwave,
ABO,553.0,843.0,567.0,601.0,672.0,578.0,878.0,880.0,677.0,928.0,750.0,582.0,
Suny Ericssom,
deovo,
CETRIX,
GABA,83.2,79.7333333333,93.6,89.2666666667,123.933333333,88.4,80.6,62.4,82.3333333333,119.6,97.9333333333,72.8,
AgeNet-HENYE,
TECH-COM,
BiG8,
卓领,
Fudan,10.0,10.0,10.0,10.0,10.0,10.0,10.0,10.0,10.0,10.0,10.0,10.0,
ARCHOS,
台智,
欧恩,11.0,11.0,11.0,11.0,11.0,11.0,11.0,11.0,11.0,11.0,11.0,11.0,
eNOL,
Hongtong,
SONORE,
BURG/SIMWATCH,
Celestica,
SEALS,14.0,14.0,14.0,14.0,14.0,14.0,14.0,14.0,14.0,14.0,14.0,14.0,
G-Tide,
三维宏业,
VascoTrack,
创新奇,
Neo,496.6,678.6,477.533333333,587.6,743.6,381.333333333,351.866666667,394.333333333,497.466666667,715.866666667,452.4,321.533333333,
Hongnian,
中晟泰,
BAIYU,
HONTEL,
CHINA,821.326666667,748.873333333,849.926666667,949.073333333,872.806666667,897.593333333,1072.05333333,1069.19333333,1100.65333333,1067.28666667,1888.10666667,640.193333333,
QUATRO,
UNISSAGE INC,
Cmotech,
SYMPHONY,14.0,14.0,14.0,14.0,14.0,14.0,14.0,14.0,14.0,14.0,14.0,14.0,
天富德,
IVIO,
El Fouad,
Shuo-Ying,
新势力,166.4,134.333333333,161.2,155.133333333,120.466666667,102.266666667,95.3333333333,109.2,77.1333333333,78.0,63.2666666667,62.4,
VFone,
YANTRA,
GFOUR,
Triorail,
Distar,
MFA,20.0,20.0,20.0,20.0,20.0,20.0,20.0,20.0,20.0,20.0,20.0,20.0,
ANOKING,
XS.TOP-1,
Sprint,135.44,155.72,134.4,116.2,112.56,107.88,94.88,97.48,164.56,155.2,72.0,73.56,
ALLVIEW,
华信,125.56,94.36,139.6,113.6,119.84,137.52,181.2,131.8,135.44,137.52,80.84,95.4,
华信时代,
VD MAIS,
Evercall,
EMPORIA,
百裕,
4G,1084.44666667,1694.58,1601.15333333,807.98,1325.64,685.953333333,684.046666667,552.486666667,617.313333333,549.626666667,494.333333333,503.866666667,
SKYSTAR TONG,
HOPU,
Goldyip,
TEXA,
智联天地,
WINGFONE,
Level Telecom S.L.,
Winxun,
MODELABS,
雅特利尔,
迪奥,2797.82857143,3054.70857143,2823.90285714,2975.52,2491.69714286,2183.63428571,2234.81714286,4525.49142857,2531.29142857,2502.32,2533.22285714,2613.37714286,
途耐,
熊猫,21172.84544,19757.90204,20858.858,22273.8014,21487.83284,19777.90124,20146.88648,21704.82416,41889.01676,168516.95144,316853.01776,275195.68412,
酷派移动,
INHON,
YE mobile,
RICHCOM,
NO.1,113.533333333,125.666666667,104.0,124.8,139.533333333,104.866666667,117.866666667,99.6666666667,117.866666667,155.133333333,81.4666666667,74.5333333333,
DANY,
SB Tel,
非寻,
IWOO,
HENNTTION,
BINATONE,
ILEJA,
Expand,122.45,102.95,164.05,121.8,122.45,111.4,86.05,95.15,117.9,142.6,71.75,62.0,
康维斯,
Red Apple,
SANFORD,
YOPAAK,
关爱心,
UbiNetics,
SPROCOMM,
Timespower,
ETEN,
FNNI,
InterDigital,
Elcom-mobility,
ICELL,
Joy,708.995555556,1364.13777778,742.391111111,662.831111111,813.111111111,5177.12444444,2609.59555556,2456.36888889,1325.83111111,1470.21777778,917.226666667,1051.79111111,
策力,
Huikesheng-UPPO,
SUPERB,20.0,20.0,20.0,20.0,20.0,20.0,20.0,20.0,20.0,20.0,20.0,20.0,
Yepo,
Unitronic,
Digiphone,
CSR,286.866666667,153.4,208.866666667,221.866666667,222.733333333,177.666666667,170.733333333,169.866666667,195.866666667,183.733333333,133.466666667,124.8,
明金讯,
CHENBAO,
MINTON,
Smalt,

Victory,204.533333333,195.0,203.666666667,213.2,225.333333333,256.533333333,194.133333333,215.8,265.2,318.933333333,318.066666667,699.4,
MIYOMEX,
Shenzhen Blue Broadcom,
XT,156.24,159.88,149.48,145.84,151.04,135.44,141.16,142.2,137.52,155.2,95.92,114.64,

京华,108.333333333,78.0,85.8,64.1333333333,68.4666666667,86.6666666667,163.8,75.4,77.1333333333,69.3333333333,44.2,45.9333333333,
KINGBOND,
Hellom,
Doro,
FORTUNESHIP,
Rousing,
普天王芝,
PuTian,
Baoma,158.84,139.08,143.24,173.4,133.88,146.36,135.96,153.64,149.48,143.24,155.2,167.68,
Magneti Marelli,
TELEFREE,
TINMO,
Mobinnova,
HK Haren,
FAIRPHONE,
